trial_uid,exp,env_id,seed,score,status,error,hostname,time_sec,params.policy_lr,params.q_lr,params.tau,params.gamma,params.batch_size,params.dihedral_N,params.reg_rep_N
043b124e-16b7-4299-8b1c-c4f6445471e1,pick,FetchPickAndPlaceDense-v4,2,-11.37448572016935,ok,,fc11015,4957.769227981567,0.0005538538325206716,0.0001846250609047287,0.0076605407544260385,0.9965130102455829,128,16,64
1e8bf813-bc8b-4c9c-8a2d-258e77ad8296,slide,FetchSlideDense-v4,1,-12.411513530103521,ok,,fc11010,7998.065091133118,0.0012417513843227,0.0015096894939320748,0.0021021432420742754,0.9479404937710569,128,16,128
5b0dfede-2d23-4a9f-b15b-504ec5818763,push,FetchPushDense-v4,1,-7.676001532896934,ok,,fc10915,5003.407907009125,0.0006346387373197265,0.0010852083874826383,0.00821741775773485,0.9609888789248114,128,16,64
aacf9c24-ab0c-4ed5-87b0-fedd4919288c,push,FetchPushDense-v4,1,-8.190781059817487,ok,,fc10714,5390.047823190689,0.0004080760474670821,0.001964699055201232,0.006552345657746947,0.9589975500995929,128,16,64
bf1f3b48-77dd-4112-b1e8-68b6318648c5,push,FetchPushDense-v4,1,-7.619560071318167,ok,,fc11007,5857.464804649353,0.00037141619755828257,0.0011988231504009208,0.0030062034631341094,0.9471787365423925,128,16,64
60552788-cab2-4610-be89-3e285edbf632,pick,FetchPickAndPlaceDense-v4,1,-9.571909098870835,ok,,fc11014,5017.497973918915,0.0006824826022981214,0.0006413876345147674,0.004421135500403242,0.9973635805235761,128,16,64
55101f56-e0c3-454a-ad1a-d7dd7fd38098,slide,FetchSlideDense-v4,2,-13.058087927770647,ok,,fc11012,7937.779764652252,0.001048444878003828,0.0013206258866918777,0.0006911078556138591,0.9624727656982646,128,16,128
016b7b72-b00a-4763-b6bb-32ae224d76c0,pick,FetchPickAndPlaceDense-v4,1,-10.991786382207547,ok,,fc10911,5079.752447605133,0.0004529505182306472,0.0004213646492493006,0.004725337707946629,0.9923688457320736,128,16,64
d4a4db0c-a3bd-445b-9d98-f31e68f58aae,pick,FetchPickAndPlaceDense-v4,1,-9.546206075243392,ok,,fc11003,5784.979150533676,0.0011869647679907144,0.00042321363253706664,0.015845413760488647,0.9769211260806688,256,16,64
74a6108d-0193-42f6-b261-a31b6df27485,pick,FetchPickAndPlaceDense-v4,1,-10.079479026806574,ok,,fc11018,4962.740702152252,0.0005547116704712229,0.000391853105179878,0.005991468213059106,0.9733470900234927,128,16,64
8070ff74-1ae1-4fd0-b9b0-b8f1dd7d7369,push,FetchPushDense-v4,1,-7.770493648429152,ok,,fc10919,5153.7153968811035,0.0003885624160999215,0.0010771691212896107,0.009951777452015212,0.960127549479736,128,16,64
f3c05839-bac3-4a69-8103-b0ae21dee28e,pick,FetchPickAndPlaceDense-v4,1,-11.825157037738371,ok,,fc11014,5185.325188875198,0.0009576233907645315,0.0006202614060246003,0.00318713147250083,0.9735371216338303,256,16,64
c77605c8-a8dd-41b1-a03c-1b7c1366a63d,slide,FetchSlideDense-v4,2,-18.34043141264323,ok,,fc11013,7965.491729736328,0.0006375893415242264,0.002020607204105338,0.002904702565797445,0.9691051484426609,128,16,128
2e8109ed-1d8c-4c76-8017-14253a9f7bca,slide,FetchSlideDense-v4,1,-14.594809755812475,ok,,fc11008,9786.997608423233,0.0008595584372946513,0.0007955920496982573,0.0020319133868954417,0.969730152905076,256,16,128
60d7197c-d464-4b31-9dba-2b809ca0caa2,pick,FetchPickAndPlaceDense-v4,1,-10.523521363134844,ok,,fc11017,5207.668026685715,0.0004706238314959575,0.0005105566304409673,0.006131024256937246,0.999,256,16,64
39f89122-0bd3-4346-b867-940dfdd60d81,push,FetchPushDense-v4,2,-6.986568017756528,ok,,fc10920,5229.016748905182,0.0004224202155261151,0.000583763998515897,0.0049709673253229706,0.9662534133745212,256,16,64
21fbb2d4-dc2c-4d95-984d-95de1c4348e2,push,FetchPushDense-v4,2,-7.883985384687785,ok,,fc10919,5001.374327659607,0.0003130215956725612,0.0007980225467283463,0.003771585743767816,0.9582957771743488,128,16,64
6748c8f2-c926-4158-8303-7cc02a58ea2a,pick,FetchPickAndPlaceDense-v4,1,-10.954896896701742,ok,,fc11017,5010.407292127609,0.00016702781259358756,0.00021299469461967264,0.005486686365688863,0.9878534703553976,128,16,64
c8ea280e-d187-4b4d-868a-1cf64ea8ffe6,push,FetchPushDense-v4,2,-7.894313494288513,ok,,fc10915,5507.851311206818,0.0003652164442363424,0.0012117820971915443,0.004270093113233479,0.9525945225219018,256,16,64
8f6d3829-3757-4d00-9820-d05acbeb8837,push,FetchPushDense-v4,2,-7.739852332106688,ok,,fc10909,5947.624577522278,0.0003646728000077296,0.001962394646972697,0.003964021628039849,0.9603182661403238,256,16,64
55712460-3b8a-4cd5-9ded-3069bfb50906,slide,FetchSlideDense-v4,1,-12.723221953154193,ok,,fc11012,9174.387503862381,0.0011590148443158844,0.0017348080019026749,0.0025295669522387996,0.9529647376008168,256,16,128
8a3b3c51-358a-43e7-a5fd-af59fb921eec,pick,FetchPickAndPlaceDense-v4,2,-11.844975720272561,ok,,fc11017,4956.484167814255,0.00029895725910092103,0.0006523757085856056,0.0046231718260408465,0.9939728670045096,128,16,64
124ab46c-cd64-4448-a121-484616079d40,pick,FetchPickAndPlaceDense-v4,1,-10.973130894235647,ok,,fc11018,4946.89493060112,0.0006281635041996387,0.00022146196323613606,0.004331732142352197,0.9921521852895174,128,16,64
d089dde4-620e-4ab9-a209-1bb90156e16b,slide,FetchSlideDense-v4,2,-10.119390125008369,ok,,fc11009,7898.951585054398,0.0007611987501051213,0.0021151413080450813,0.0027971598562730074,0.9685183223315561,128,16,128
b0ff0860-b447-4593-9a32-6e6025b4f331,pick,FetchPickAndPlaceDense-v4,2,-10.769162189452482,ok,,fc11003,4955.949928045273,0.0006123146599512393,0.0004817037760027581,0.003930276503099513,0.9916039718017663,128,16,64
8b2b6408-0bdf-4500-b108-30f64cc672ca,slide,FetchSlideDense-v4,1,-9.019851490685127,ok,,fc11009,7918.234675884247,0.0016698044710636768,0.003,0.0032942555816172507,0.969886727464647,128,16,128
a432037d-e1cd-4f3e-a94d-3854c176760f,pick,FetchPickAndPlaceDense-v4,1,-11.9107287271315,ok,,fc11003,6286.134759426117,0.00041313460295215544,0.00023167971564025763,0.00442735753981214,0.9752711574556933,256,16,64
facb990e-40c3-4d54-8452-ae7cb2c82553,pick,FetchPickAndPlaceDense-v4,2,-10.114202068582177,ok,,fc11015,5145.512713432312,0.0007878770082629944,0.00027992327533581227,0.008962953943376853,0.9914584345696267,256,16,64
7480a76a-d7ea-4dd3-90cc-0307bf71b04a,push,FetchPushDense-v4,2,-7.973982032279041,ok,,fc11005,5296.933992385864,0.00033436953792861414,0.0023043732462577804,0.00435838358375911,0.9662247893162965,256,16,64
9c82f0da-df86-4bd9-81cf-1589cb7a21ef,slide,FetchSlideDense-v4,1,-12.804116062510797,ok,,fc11011,9107.594911575317,0.0010627174128992644,0.002321486183040875,0.0025062730212690415,0.9508382904359246,256,16,128
c10bf044-41a1-4735-90c8-b29499e3da00,push,FetchPushDense-v4,1,-7.4546950571179345,ok,,fc11003,5233.994196176529,0.0002724840761881759,0.000833099134128417,0.007521986046786832,0.949983882451574,256,16,64
df3eacf5-0523-4d57-ade6-2d07a39052b0,slide,FetchSlideDense-v4,1,-15.040752830094798,ok,,fc11014,9087.683993816376,0.0013697584537705103,0.0020923711430270698,0.0018169008202557875,0.9695992915249879,256,16,128
34351206-1bb7-4384-9d5a-c05a9ee572ae,pick,FetchPickAndPlaceDense-v4,2,-10.829443160677839,ok,,fc11018,4983.867453575134,0.0006185967693251159,0.00022587807728350167,0.004394667722606142,0.9789466269590614,128,16,64
847388f0-fed8-4a9c-ab31-fcf7f82e0697,push,FetchPushDense-v4,1,-6.881242494411786,ok,,fc11008,5230.289368152618,0.0003856627979413836,0.0004814435723094397,0.008909105417228384,0.9545746492939129,256,16,64
2bbe49b4-bdd6-4321-8755-95ea4a577f34,pick,FetchPickAndPlaceDense-v4,1,-11.270362988497203,ok,,fc10907,5355.672382116318,0.0009243996623823368,0.00039419693933192917,0.0034842347644081385,0.9947074264757356,128,16,64
64bff701-2033-4b8a-aa60-56d3a7a94ef5,push,FetchPushDense-v4,1,-7.473384419950399,ok,,fc11005,5088.337073087692,0.0006074981712749721,0.0009765578416990873,0.004919803522868486,0.9672459184722739,128,16,64
f46d4c45-82ff-4faf-9b89-65a06b157f92,pick,FetchPickAndPlaceDense-v4,1,-10.315138277090945,ok,,fc11017,5241.694948911667,0.0002392988005064491,0.000658827768815266,0.002484566862747845,0.9913650229081913,256,16,64
7640b727-fe49-4bf8-9b3f-bcad533ff5f4,slide,FetchSlideDense-v4,2,-11.261100967121799,ok,,fc11013,7946.989909172058,0.0009353618840419031,0.003,0.003960541454952728,0.9789869704249725,128,16,128
483ac4b6-ed82-41c8-966c-99bf9f760225,slide,FetchSlideDense-v4,1,-10.218564054152498,ok,,fc11013,7963.245746612549,0.0008861295358924977,0.003,0.003252489537742728,0.9725912716262867,128,16,128
fe89f273-1bd8-43cb-a4ab-a3811420b59f,push,FetchPushDense-v4,1,-6.547953823104613,ok,,fc11006,5485.610822677612,0.0005239695974475545,0.0017137916188226195,0.00295435101463996,0.9636148501714572,128,16,64
3e3654e8-d53e-4b21-bcf5-f447de761e14,slide,FetchSlideDense-v4,2,-11.17387692707242,ok,,fc11007,9100.187427043915,0.000961865592457067,0.0011737137455573512,0.002750091660009899,0.9696432750364208,256,16,128
fa5ed1d9-748f-4b42-92f0-e3dc5223c62c,pick,FetchPickAndPlaceDense-v4,2,-10.13470089390565,ok,,fc10909,5270.165301322937,0.0005292895639996793,0.00040358096374837067,0.005799953681917074,0.9859531678763359,256,16,64
f1ee4c6b-9c42-4ad0-a655-befe4ba636fa,slide,FetchSlideDense-v4,2,-8.803266640044894,ok,,fc11010,9070.575717926025,0.0005619060984848827,0.003,0.0030541540906260153,0.9627960847735787,256,16,128
73631021-4546-40f2-8a28-f2f602ad3dcb,push,FetchPushDense-v4,2,-8.449404793814066,ok,,fc10909,6425.87508559227,0.000839031127235126,0.001354430494218213,0.003971158093883508,0.9603333947514517,256,16,64
f1c9a812-4f6c-446e-8b10-c71062eeb8e2,slide,FetchSlideDense-v4,1,-13.014574274149176,ok,,fc11010,9106.08295917511,0.0008634649430411372,0.0012668876325365912,0.0008237221274612328,0.9721717914904684,256,16,128
790c2fff-268d-484b-9cd7-bf548b56e753,slide,FetchSlideDense-v4,2,-11.785905869396904,ok,,fc11010,7943.879982471466,0.001357171545087809,0.0021412329867132795,0.0017496110067881257,0.9689632378001826,128,16,128
73e657af-bd87-43e1-a9ba-c5b3bea209b4,push,FetchPushDense-v4,2,-6.401833282943491,ok,,fc11005,5205.667781114578,0.00023545315214749292,0.0007823278713700809,0.008221703253072324,0.9666589117268142,256,16,64
e3c449db-d2fc-4bfd-aeb8-95fad15c4bf1,slide,FetchSlideDense-v4,2,-10.567394246917292,ok,,fc11009,9042.819119930267,0.0006881759639667828,0.0018634401832101151,0.002286216641087959,0.978724598855356,256,16,128
b3b67ff3-5d6a-4eb0-bc16-186fdfa5b402,push,FetchPushDense-v4,2,-2.9947781758005423,ok,,fc10607,5224.221713781357,0.0006544814515889754,0.0013230376626562426,0.0051786756068369615,0.9700056369551298,256,16,64
f660e779-8145-4658-ab5a-aac2efd9a7ba,pick,FetchPickAndPlaceDense-v4,1,-9.919978621564885,ok,,fc11019,5242.912558555603,0.0008054989504586383,0.0017521957329253114,0.008340035715949792,0.9857768079914715,256,16,64
8608f7df-9878-42a8-a539-1d636a3a1b2d,push,FetchPushDense-v4,2,-7.401732491375159,ok,,fc10607,4977.233272314072,0.0003703049893207855,0.0008781157733495197,0.006647337156237395,0.9467766262655717,128,16,64
911af4f8-b9d9-48f0-bdba-509aeb3f95df,slide,FetchSlideDense-v4,1,-12.623687418166787,ok,,fc11010,9012.042999744415,0.0005352587207555566,0.0018841671424367709,0.0024274064893763546,0.9663999077547498,256,16,128
c784bc2b-efae-46d2-ba9d-e20940434f61,slide,FetchSlideDense-v4,1,-9.862968436684353,ok,,fc11013,7982.558584451675,0.0009882815771150347,0.003,0.0013963629709266795,0.9725352049618898,128,16,128
77e0ea9d-a492-4ccb-a452-a51d53942d9e,push,FetchPushDense-v4,1,-7.287835062429345,ok,,fc10911,5766.637803077698,0.0004787368810584084,0.0007691649751710544,0.005064452665008597,0.962074397424032,128,16,64
db7c247c-200c-48f7-b0bc-7c743ccb9ca4,pick,FetchPickAndPlaceDense-v4,2,-12.264562996798643,ok,,fc11017,5029.900360822678,0.000730030832660261,0.0006854796423760895,0.00486185185402906,0.987029569470338,128,16,64
5dea50ce-679c-4250-aeef-a125d4cb372d,slide,FetchSlideDense-v4,2,-11.65639990906773,ok,,fc11012,7928.42605638504,0.0009092801828719971,0.0016312156907116846,0.0033671687721407665,0.9679759170144622,128,16,128
76d3a32c-811a-4424-8301-25856867a944,slide,FetchSlideDense-v4,1,-8.76469087425628,ok,,fc11012,9098.577431440353,0.0003791768144456907,0.002707843045467286,0.0018691011405189766,0.9583638820868006,256,16,128
05fc459a-fc5f-4fa9-bee3-2225c7060691,slide,FetchSlideDense-v4,1,-14.285368277045148,ok,,fc11011,9019.830955266953,0.000798407179662935,0.0011764758543197345,0.0008676325761765286,0.9650910093414646,256,16,128
666456c4-2e99-4d30-b599-ba22daa75e7d,slide,FetchSlideDense-v4,1,-15.866759630665829,ok,,fc11014,9324.927330255508,0.0013877945552610094,0.0010968480228150158,0.00148172104572399,0.9571249430267791,256,16,128
7110b749-bc3b-4cb1-aa08-8bccd9484413,pick,FetchPickAndPlaceDense-v4,2,-10.300437388811728,ok,,fc11015,5134.909236907959,0.001900101690248355,0.00042097073173998154,0.00851436590914243,0.9806551942993672,256,16,64
97f8273e-0b4b-4162-a7a0-42fdef051efc,slide,FetchSlideDense-v4,1,-11.620390633224707,ok,,fc11007,7943.789004325867,0.0005714628561465744,0.0020219841288666293,0.0011872547405781084,0.965571275976987,128,16,128
56de1cf7-7cca-4f10-a4ea-6bed2c8f9a8f,push,FetchPushDense-v4,1,-9.292608511903087,ok,,fc10915,5212.733389616013,0.0005160745015962094,0.001926024335759025,0.003272928960071969,0.9580082081958732,256,16,64
50c90114-3b59-4349-a400-186e8fce5aad,push,FetchPushDense-v4,2,-7.439390041667686,ok,,fc10919,4996.441951036453,0.00022440231912395207,0.0013793236583958726,0.004954705413216404,0.9449060590073793,128,16,64
baf89155-8c2a-4f2d-85a7-7092c3d0df65,pick,FetchPickAndPlaceDense-v4,2,-11.193551811109533,ok,,fc11019,5131.640847682953,0.0005016337421869678,0.000431787401275112,0.005621709799540404,0.9911861248388855,256,16,64
312cdcef-1094-41e9-9a7c-ee2946b5466c,slide,FetchSlideDense-v4,2,-17.846156339853742,ok,,fc11012,7950.849286556244,0.0008008855152786609,0.0013367524100421234,0.00392745880205104,0.9611951245047367,128,16,128
7241ed5e-b390-43cf-a313-58092070f2ee,pick,FetchPickAndPlaceDense-v4,2,-12.31371797291517,ok,,fc11018,5205.883082866669,0.0017918215062912742,0.0004015228851036998,0.004409584764715242,0.999,256,16,64
12ac7484-af2e-45dc-a047-43c6883db92c,pick,FetchPickAndPlaceDense-v4,2,-11.019894179484455,ok,,fc11018,4936.872023105621,0.0007334249617387171,0.0003943021839747376,0.0023204772738209586,0.999,128,16,64
26e09acd-f433-4d47-a5c2-995bde2c50c7,slide,FetchSlideDense-v4,2,-15.631291550992767,ok,,fc11014,9379.375218629837,0.0012743308954684207,0.0011455493166248536,0.0031533581453854188,0.9755601919783048,128,16,128
0b204ace-e462-4627-87e3-02d59ead3782,slide,FetchSlideDense-v4,1,-10.873752006191394,ok,,fc11009,7958.250328302383,0.0010854352460573245,0.003,0.0031894460206819478,0.9655301058889556,128,16,128
05d65fbb-7187-4551-a808-baac9cdd525d,push,FetchPushDense-v4,2,-5.743944412481144,ok,,fc11005,5249.487117290497,0.00038584680213396214,0.0017002604729129283,0.005306770893935603,0.9552508982874437,256,16,64
e02a1a3d-6154-431f-9abe-f8378b8fe9fe,push,FetchPushDense-v4,1,-7.770619933219504,ok,,fc11009,4987.342717885971,0.0003591683888419803,0.0008977065782045837,0.006734444262856965,0.9663785452312997,128,16,64
884c7817-8b9d-42f0-814c-3c1ed36331e4,push,FetchPushDense-v4,1,-8.872338255236157,ok,,fc10915,5229.892842531204,0.00026422617850180703,0.0006759653068468122,0.0028829421276800322,0.961268605485117,256,16,64
15215faf-910e-47ba-9f04-a4cd15deb58e,pick,FetchPickAndPlaceDense-v4,2,-9.154154725721305,ok,,fc11019,4996.085565805435,0.0008829447451287652,0.000486108389146294,0.011465010302669448,0.999,128,16,64
05a5ca51-4746-4b05-a345-a23796627aa6,push,FetchPushDense-v4,1,-8.382385547997925,ok,,fc11006,4996.4606029987335,0.0006030030804295561,0.0008225435578806159,0.0035311611562719647,0.9516358272162884,128,16,64
104268cb-9950-463b-93ac-b865502d1d16,push,FetchPushDense-v4,2,-8.356951344421635,ok,,fc10904,5027.445539712906,0.0005855486077923055,0.0009763694590740312,0.005590562684280951,0.9526860446494229,128,16,64
22f13899-ba80-4d8e-8a4a-0b843b3e054b,slide,FetchSlideDense-v4,2,-16.9798911488747,ok,,fc11013,7933.393132448196,0.0026137245641468408,0.0007679370093162809,0.001429738631438293,0.9818739187340125,128,16,128
3078fb14-ac12-438e-a27b-16a86ceae179,pick,FetchPickAndPlaceDense-v4,2,-11.220808895253503,ok,,fc11019,4985.056334018707,0.0006981398382020464,0.0004395032376797202,0.0027768276435778793,0.9960956911469533,128,16,64
b498cb01-3ba9-47de-87a2-e7d8de01418d,pick,FetchPickAndPlaceDense-v4,1,-11.83561010975433,ok,,fc10713,4996.8063089847565,0.0003364625331677948,0.00030242112513914165,0.003557656055261295,0.9911470199154817,128,16,64
48f1262b-fa7a-49ef-acbe-412716adfe43,slide,FetchSlideDense-v4,2,-9.816327718488141,ok,,fc11011,9045.3820540905,0.001232372382435594,0.0014229078672230579,0.002308670365941963,0.96419947786938,256,16,128
6dac156a-964e-4061-8fe5-733acf17ac8d,pick,FetchPickAndPlaceDense-v4,1,-12.229019497871537,ok,,fc11015,5098.1509301662445,0.00045387538426288276,0.00045431815607892577,0.01094314657405964,0.9860285646702882,256,16,64
2af4e63a-db77-42a3-98db-f00d898129bb,pick,FetchPickAndPlaceDense-v4,1,-10.35207572084354,ok,,fc11015,5168.754220485687,0.0012412399110771155,0.0004909180714498522,0.0037163164004174495,0.9923429953496925,256,16,64
88b496e0-562c-4dab-91af-2e5f8325f03a,push,FetchPushDense-v4,2,-5.956276010375839,ok,,fc11007,5201.737141370773,0.0009498754784656611,0.0014958939938408548,0.010548271359587042,0.9530650055683235,256,16,64
a1348e14-4340-4bea-b959-61bfa407e558,push,FetchPushDense-v4,1,-7.542866771339683,ok,,fc11005,5165.826667547226,0.00028479417265518566,0.0008079063022821538,0.003010127625107767,0.9470648881668317,256,16,64
15918b58-1ed1-4103-bb09-132b4ed00570,slide,FetchSlideDense-v4,1,-13.03009561903594,ok,,fc11011,9045.088500976562,0.00033262100298439015,0.0011053196967516325,0.0034749801257783755,0.9715022381071955,256,16,128
b6038961-6c8b-4a85-9c43-ee8f78290244,push,FetchPushDense-v4,1,-5.176554533075172,ok,,fc10912,5217.338932752609,0.00028613313857184155,0.0010850529438489894,0.005610778808914748,0.9659895936247803,256,16,64
787a2895-07b2-4490-892b-392caedb54b3,slide,FetchSlideDense-v4,1,-9.926207578590223,ok,,fc11008,9070.547810077667,0.0011102218935489666,0.002844895981607335,0.00652205015708066,0.9635387601319244,256,16,128
e07b6b8f-e32c-47af-accd-4160ea1d1ac3,push,FetchPushDense-v4,2,-4.059835106434531,ok,,fc11008,5291.0092968940735,0.0004317323726389281,0.0012859501105724727,0.0068583077472439335,0.9579607784404769,256,16,64
0b701146-50f6-4837-954c-ff28b7366d8a,pick,FetchPickAndPlaceDense-v4,1,-11.008259489420208,ok,,fc11019,4987.607778310776,0.0010209669283881304,0.00023014505833495735,0.008296241788279436,0.9782822616520802,128,16,64
0e7785bb-53ac-4392-8ac6-2f89228c2a02,push,FetchPushDense-v4,1,-8.580602388100058,ok,,fc11008,5257.71320939064,0.0003699104154976828,0.000962147323973732,0.005118290872341335,0.9455308267839306,256,16,64
510a100e-a548-4b9b-84c9-05c41974f819,pick,FetchPickAndPlaceDense-v4,1,-10.283089702681666,ok,,fc10917,4956.988957643509,0.0005957170944521567,0.0009868995315699272,0.0031337489642571225,0.992214101873324,128,16,64
