file,task,model,seed,step,eval_return
baseline_sac_fetch-15684122_0.out,push,baseline,1,25000,-7.64
baseline_sac_fetch-15684122_0.out,push,baseline,1,50000,-9.194
baseline_sac_fetch-15684122_0.out,push,baseline,1,75000,-9.177
baseline_sac_fetch-15684122_0.out,push,baseline,1,100000,-8.603
baseline_sac_fetch-15684122_0.out,push,baseline,1,125000,-9.467
baseline_sac_fetch-15684122_0.out,push,baseline,1,150000,-9.274
baseline_sac_fetch-15684122_0.out,push,baseline,1,175000,-9.373
baseline_sac_fetch-15684122_0.out,push,baseline,1,200000,-7.481
baseline_sac_fetch-15684122_0.out,push,baseline,1,225000,-7.967
baseline_sac_fetch-15684122_0.out,push,baseline,1,250000,-8.673
baseline_sac_fetch-15684122_0.out,push,baseline,1,275000,-8.1
baseline_sac_fetch-15684122_0.out,push,baseline,1,300000,-8.898
baseline_sac_fetch-15684122_0.out,push,baseline,1,325000,-8.116
baseline_sac_fetch-15684122_0.out,push,baseline,1,350000,-7.361
baseline_sac_fetch-15684122_0.out,push,baseline,1,375000,-8.22
baseline_sac_fetch-15684122_0.out,push,baseline,1,400000,-7.602
baseline_sac_fetch-15684122_0.out,push,baseline,1,425000,-8.601
baseline_sac_fetch-15684122_0.out,push,baseline,1,450000,-9.509
baseline_sac_fetch-15684122_0.out,push,baseline,1,475000,-8.365
baseline_sac_fetch-15684122_0.out,push,baseline,1,499999,-8.915
baseline_sac_fetch-15684122_1.out,push,baseline,2,25000,-7.838
baseline_sac_fetch-15684122_1.out,push,baseline,2,50000,-8.647
baseline_sac_fetch-15684122_1.out,push,baseline,2,75000,-9.08
baseline_sac_fetch-15684122_1.out,push,baseline,2,100000,-7.933
baseline_sac_fetch-15684122_1.out,push,baseline,2,125000,-8.136
baseline_sac_fetch-15684122_1.out,push,baseline,2,150000,-9.641
baseline_sac_fetch-15684122_1.out,push,baseline,2,175000,-7.891
baseline_sac_fetch-15684122_1.out,push,baseline,2,200000,-7.153
baseline_sac_fetch-15684122_1.out,push,baseline,2,225000,-8.281
baseline_sac_fetch-15684122_1.out,push,baseline,2,250000,-8.14
baseline_sac_fetch-15684122_1.out,push,baseline,2,275000,-8.217
baseline_sac_fetch-15684122_1.out,push,baseline,2,300000,-9.076
baseline_sac_fetch-15684122_1.out,push,baseline,2,325000,-9.399
baseline_sac_fetch-15684122_1.out,push,baseline,2,350000,-8.937
baseline_sac_fetch-15684122_1.out,push,baseline,2,375000,-9.583
baseline_sac_fetch-15684122_1.out,push,baseline,2,400000,-8.734
baseline_sac_fetch-15684122_1.out,push,baseline,2,425000,-8.339
baseline_sac_fetch-15684122_1.out,push,baseline,2,450000,-8.915
baseline_sac_fetch-15684122_1.out,push,baseline,2,475000,-7.315
baseline_sac_fetch-15684122_1.out,push,baseline,2,499999,-9.124
baseline_sac_fetch-15684122_10.out,slide,baseline,3,25000,-25.019
baseline_sac_fetch-15684122_10.out,slide,baseline,3,50000,-22.192
baseline_sac_fetch-15684122_10.out,slide,baseline,3,75000,-19.395
baseline_sac_fetch-15684122_10.out,slide,baseline,3,100000,-17.421
baseline_sac_fetch-15684122_10.out,slide,baseline,3,125000,-22.299
baseline_sac_fetch-15684122_10.out,slide,baseline,3,150000,-19.415
baseline_sac_fetch-15684122_10.out,slide,baseline,3,175000,-23.361
baseline_sac_fetch-15684122_10.out,slide,baseline,3,200000,-18.382
baseline_sac_fetch-15684122_10.out,slide,baseline,3,225000,-19.464
baseline_sac_fetch-15684122_10.out,slide,baseline,3,250000,-21.179
baseline_sac_fetch-15684122_10.out,slide,baseline,3,275000,-18.19
baseline_sac_fetch-15684122_10.out,slide,baseline,3,300000,-14.766
baseline_sac_fetch-15684122_10.out,slide,baseline,3,325000,-15.159
baseline_sac_fetch-15684122_10.out,slide,baseline,3,350000,-13.778
baseline_sac_fetch-15684122_10.out,slide,baseline,3,375000,-15.232
baseline_sac_fetch-15684122_10.out,slide,baseline,3,400000,-12.061
baseline_sac_fetch-15684122_10.out,slide,baseline,3,425000,-12.18
baseline_sac_fetch-15684122_10.out,slide,baseline,3,450000,-11.983
baseline_sac_fetch-15684122_10.out,slide,baseline,3,475000,-8.52
baseline_sac_fetch-15684122_10.out,slide,baseline,3,500000,-10.374
baseline_sac_fetch-15684122_10.out,slide,baseline,3,525000,-8.15
baseline_sac_fetch-15684122_10.out,slide,baseline,3,550000,-9.325
baseline_sac_fetch-15684122_10.out,slide,baseline,3,575000,-8.541
baseline_sac_fetch-15684122_10.out,slide,baseline,3,599999,-10.539
baseline_sac_fetch-15684122_11.out,slide,baseline,4,25000,-25.504
baseline_sac_fetch-15684122_11.out,slide,baseline,4,50000,-21.78
baseline_sac_fetch-15684122_11.out,slide,baseline,4,75000,-18.891
baseline_sac_fetch-15684122_11.out,slide,baseline,4,100000,-19.792
baseline_sac_fetch-15684122_11.out,slide,baseline,4,125000,-20.477
baseline_sac_fetch-15684122_11.out,slide,baseline,4,150000,-20.382
baseline_sac_fetch-15684122_11.out,slide,baseline,4,175000,-20.824
baseline_sac_fetch-15684122_11.out,slide,baseline,4,200000,-18.217
baseline_sac_fetch-15684122_11.out,slide,baseline,4,225000,-16.986
baseline_sac_fetch-15684122_11.out,slide,baseline,4,250000,-14.25
baseline_sac_fetch-15684122_11.out,slide,baseline,4,275000,-13.246
baseline_sac_fetch-15684122_11.out,slide,baseline,4,300000,-12.952
baseline_sac_fetch-15684122_11.out,slide,baseline,4,325000,-11.689
baseline_sac_fetch-15684122_11.out,slide,baseline,4,350000,-12.022
baseline_sac_fetch-15684122_11.out,slide,baseline,4,375000,-11.093
baseline_sac_fetch-15684122_11.out,slide,baseline,4,400000,-11.084
baseline_sac_fetch-15684122_11.out,slide,baseline,4,425000,-11.647
baseline_sac_fetch-15684122_11.out,slide,baseline,4,450000,-9.908
baseline_sac_fetch-15684122_11.out,slide,baseline,4,475000,-9.794
baseline_sac_fetch-15684122_11.out,slide,baseline,4,500000,-8.27
baseline_sac_fetch-15684122_11.out,slide,baseline,4,525000,-8.81
baseline_sac_fetch-15684122_11.out,slide,baseline,4,550000,-8.643
baseline_sac_fetch-15684122_11.out,slide,baseline,4,575000,-9.255
baseline_sac_fetch-15684122_11.out,slide,baseline,4,599999,-8.118
baseline_sac_fetch-15684122_2.out,push,baseline,3,25000,-8.282
baseline_sac_fetch-15684122_2.out,push,baseline,3,50000,-8.542
baseline_sac_fetch-15684122_2.out,push,baseline,3,75000,-9.306
baseline_sac_fetch-15684122_2.out,push,baseline,3,100000,-6.815
baseline_sac_fetch-15684122_2.out,push,baseline,3,125000,-9.666
baseline_sac_fetch-15684122_2.out,push,baseline,3,150000,-8.716
baseline_sac_fetch-15684122_2.out,push,baseline,3,175000,-7.236
baseline_sac_fetch-15684122_2.out,push,baseline,3,200000,-8.705
baseline_sac_fetch-15684122_2.out,push,baseline,3,225000,-7.537
baseline_sac_fetch-15684122_2.out,push,baseline,3,250000,-9.926
baseline_sac_fetch-15684122_2.out,push,baseline,3,275000,-8.713
baseline_sac_fetch-15684122_2.out,push,baseline,3,300000,-7.643
baseline_sac_fetch-15684122_2.out,push,baseline,3,325000,-9.638
baseline_sac_fetch-15684122_2.out,push,baseline,3,350000,-9.734
baseline_sac_fetch-15684122_2.out,push,baseline,3,375000,-7.855
baseline_sac_fetch-15684122_2.out,push,baseline,3,400000,-9.103
baseline_sac_fetch-15684122_2.out,push,baseline,3,425000,-9.36
baseline_sac_fetch-15684122_2.out,push,baseline,3,450000,-7.621
baseline_sac_fetch-15684122_2.out,push,baseline,3,475000,-8.372
baseline_sac_fetch-15684122_2.out,push,baseline,3,499999,-8.251
baseline_sac_fetch-15684122_3.out,push,baseline,4,25000,-8.886
baseline_sac_fetch-15684122_3.out,push,baseline,4,50000,-9.497
baseline_sac_fetch-15684122_3.out,push,baseline,4,75000,-9.383
baseline_sac_fetch-15684122_3.out,push,baseline,4,100000,-8.892
baseline_sac_fetch-15684122_3.out,push,baseline,4,125000,-11.248
baseline_sac_fetch-15684122_3.out,push,baseline,4,150000,-8.986
baseline_sac_fetch-15684122_3.out,push,baseline,4,175000,-8.269
baseline_sac_fetch-15684122_3.out,push,baseline,4,200000,-9.738
baseline_sac_fetch-15684122_3.out,push,baseline,4,225000,-9.134
baseline_sac_fetch-15684122_3.out,push,baseline,4,250000,-9.089
baseline_sac_fetch-15684122_3.out,push,baseline,4,275000,-8.395
baseline_sac_fetch-15684122_3.out,push,baseline,4,300000,-8.812
baseline_sac_fetch-15684122_3.out,push,baseline,4,325000,-8.329
baseline_sac_fetch-15684122_3.out,push,baseline,4,350000,-7.943
baseline_sac_fetch-15684122_3.out,push,baseline,4,375000,-8.11
baseline_sac_fetch-15684122_3.out,push,baseline,4,400000,-9.347
baseline_sac_fetch-15684122_3.out,push,baseline,4,425000,-8.227
baseline_sac_fetch-15684122_3.out,push,baseline,4,450000,-8.029
baseline_sac_fetch-15684122_3.out,push,baseline,4,475000,-7.412
baseline_sac_fetch-15684122_3.out,push,baseline,4,499999,-8.013
baseline_sac_fetch-15684122_4.out,pick,baseline,1,25000,-12.257
baseline_sac_fetch-15684122_4.out,pick,baseline,1,50000,-11.303
baseline_sac_fetch-15684122_4.out,pick,baseline,1,75000,-10.133
baseline_sac_fetch-15684122_4.out,pick,baseline,1,100000,-12.374
baseline_sac_fetch-15684122_4.out,pick,baseline,1,125000,-11.463
baseline_sac_fetch-15684122_4.out,pick,baseline,1,150000,-11.271
baseline_sac_fetch-15684122_4.out,pick,baseline,1,175000,-10.542
baseline_sac_fetch-15684122_4.out,pick,baseline,1,200000,-11.559
baseline_sac_fetch-15684122_4.out,pick,baseline,1,225000,-11.993
baseline_sac_fetch-15684122_4.out,pick,baseline,1,250000,-12.583
baseline_sac_fetch-15684122_4.out,pick,baseline,1,275000,-12.549
baseline_sac_fetch-15684122_4.out,pick,baseline,1,300000,-10.936
baseline_sac_fetch-15684122_4.out,pick,baseline,1,325000,-12.9
baseline_sac_fetch-15684122_4.out,pick,baseline,1,350000,-11.638
baseline_sac_fetch-15684122_4.out,pick,baseline,1,375000,-12.494
baseline_sac_fetch-15684122_4.out,pick,baseline,1,400000,-12.856
baseline_sac_fetch-15684122_4.out,pick,baseline,1,425000,-12.924
baseline_sac_fetch-15684122_4.out,pick,baseline,1,450000,-9.436
baseline_sac_fetch-15684122_4.out,pick,baseline,1,475000,-11.061
baseline_sac_fetch-15684122_4.out,pick,baseline,1,500000,-12.774
baseline_sac_fetch-15684122_4.out,pick,baseline,1,525000,-10.9
baseline_sac_fetch-15684122_4.out,pick,baseline,1,550000,-12.017
baseline_sac_fetch-15684122_4.out,pick,baseline,1,575000,-12.98
baseline_sac_fetch-15684122_4.out,pick,baseline,1,599999,-11.893
baseline_sac_fetch-15684122_5.out,pick,baseline,2,25000,-11.373
baseline_sac_fetch-15684122_5.out,pick,baseline,2,50000,-12.59
baseline_sac_fetch-15684122_5.out,pick,baseline,2,75000,-13.58
baseline_sac_fetch-15684122_5.out,pick,baseline,2,100000,-11.695
baseline_sac_fetch-15684122_5.out,pick,baseline,2,125000,-11.937
baseline_sac_fetch-15684122_5.out,pick,baseline,2,150000,-12.131
baseline_sac_fetch-15684122_5.out,pick,baseline,2,175000,-11.119
baseline_sac_fetch-15684122_5.out,pick,baseline,2,200000,-13.192
baseline_sac_fetch-15684122_5.out,pick,baseline,2,225000,-12.696
baseline_sac_fetch-15684122_5.out,pick,baseline,2,250000,-13.872
baseline_sac_fetch-15684122_5.out,pick,baseline,2,275000,-9.619
baseline_sac_fetch-15684122_5.out,pick,baseline,2,300000,-11.079
baseline_sac_fetch-15684122_5.out,pick,baseline,2,325000,-10.889
baseline_sac_fetch-15684122_5.out,pick,baseline,2,350000,-11.161
baseline_sac_fetch-15684122_5.out,pick,baseline,2,375000,-12.517
baseline_sac_fetch-15684122_5.out,pick,baseline,2,400000,-10.994
baseline_sac_fetch-15684122_5.out,pick,baseline,2,425000,-11.478
baseline_sac_fetch-15684122_5.out,pick,baseline,2,450000,-13.636
baseline_sac_fetch-15684122_5.out,pick,baseline,2,475000,-10.326
baseline_sac_fetch-15684122_5.out,pick,baseline,2,500000,-11.095
baseline_sac_fetch-15684122_5.out,pick,baseline,2,525000,-11.625
baseline_sac_fetch-15684122_5.out,pick,baseline,2,550000,-9.465
baseline_sac_fetch-15684122_5.out,pick,baseline,2,575000,-12.386
baseline_sac_fetch-15684122_5.out,pick,baseline,2,599999,-11.825
baseline_sac_fetch-15684122_6.out,pick,baseline,3,25000,-11.941
baseline_sac_fetch-15684122_6.out,pick,baseline,3,50000,-13.585
baseline_sac_fetch-15684122_6.out,pick,baseline,3,75000,-13.818
baseline_sac_fetch-15684122_6.out,pick,baseline,3,100000,-9.436
baseline_sac_fetch-15684122_6.out,pick,baseline,3,125000,-11.726
baseline_sac_fetch-15684122_6.out,pick,baseline,3,150000,-11.029
baseline_sac_fetch-15684122_6.out,pick,baseline,3,175000,-12.657
baseline_sac_fetch-15684122_6.out,pick,baseline,3,200000,-11.642
baseline_sac_fetch-15684122_6.out,pick,baseline,3,225000,-13.325
baseline_sac_fetch-15684122_6.out,pick,baseline,3,250000,-10.173
baseline_sac_fetch-15684122_6.out,pick,baseline,3,275000,-12.277
baseline_sac_fetch-15684122_6.out,pick,baseline,3,300000,-13.106
baseline_sac_fetch-15684122_6.out,pick,baseline,3,325000,-12.37
baseline_sac_fetch-15684122_6.out,pick,baseline,3,350000,-12.174
baseline_sac_fetch-15684122_6.out,pick,baseline,3,375000,-10.51
baseline_sac_fetch-15684122_6.out,pick,baseline,3,400000,-9.803
baseline_sac_fetch-15684122_6.out,pick,baseline,3,425000,-11.496
baseline_sac_fetch-15684122_6.out,pick,baseline,3,450000,-11.97
baseline_sac_fetch-15684122_6.out,pick,baseline,3,475000,-10.385
baseline_sac_fetch-15684122_6.out,pick,baseline,3,500000,-12.831
baseline_sac_fetch-15684122_6.out,pick,baseline,3,525000,-10.94
baseline_sac_fetch-15684122_6.out,pick,baseline,3,550000,-11.839
baseline_sac_fetch-15684122_6.out,pick,baseline,3,575000,-9.605
baseline_sac_fetch-15684122_6.out,pick,baseline,3,599999,-11.352
baseline_sac_fetch-15684122_7.out,pick,baseline,4,25000,-13.464
baseline_sac_fetch-15684122_7.out,pick,baseline,4,50000,-11.523
baseline_sac_fetch-15684122_7.out,pick,baseline,4,75000,-12.343
baseline_sac_fetch-15684122_7.out,pick,baseline,4,100000,-12.899
baseline_sac_fetch-15684122_7.out,pick,baseline,4,125000,-12.185
baseline_sac_fetch-15684122_7.out,pick,baseline,4,150000,-14.57
baseline_sac_fetch-15684122_7.out,pick,baseline,4,175000,-12.997
baseline_sac_fetch-15684122_7.out,pick,baseline,4,200000,-12.466
baseline_sac_fetch-15684122_7.out,pick,baseline,4,225000,-10.538
baseline_sac_fetch-15684122_7.out,pick,baseline,4,250000,-10.839
baseline_sac_fetch-15684122_7.out,pick,baseline,4,275000,-13.912
baseline_sac_fetch-15684122_7.out,pick,baseline,4,300000,-11.044
baseline_sac_fetch-15684122_7.out,pick,baseline,4,325000,-12.498
baseline_sac_fetch-15684122_7.out,pick,baseline,4,350000,-11.61
baseline_sac_fetch-15684122_7.out,pick,baseline,4,375000,-11.11
baseline_sac_fetch-15684122_7.out,pick,baseline,4,400000,-12.166
baseline_sac_fetch-15684122_7.out,pick,baseline,4,425000,-12.112
baseline_sac_fetch-15684122_7.out,pick,baseline,4,450000,-11.162
baseline_sac_fetch-15684122_7.out,pick,baseline,4,475000,-11.89
baseline_sac_fetch-15684122_7.out,pick,baseline,4,500000,-12.459
baseline_sac_fetch-15684122_7.out,pick,baseline,4,525000,-10.727
baseline_sac_fetch-15684122_7.out,pick,baseline,4,550000,-13.484
baseline_sac_fetch-15684122_7.out,pick,baseline,4,575000,-11.152
baseline_sac_fetch-15684122_7.out,pick,baseline,4,599999,-12.631
baseline_sac_fetch-15684122_8.out,slide,baseline,1,25000,-21.346
baseline_sac_fetch-15684122_8.out,slide,baseline,1,50000,-24.098
baseline_sac_fetch-15684122_8.out,slide,baseline,1,75000,-20.38
baseline_sac_fetch-15684122_8.out,slide,baseline,1,100000,-23.907
baseline_sac_fetch-15684122_8.out,slide,baseline,1,125000,-20.616
baseline_sac_fetch-15684122_8.out,slide,baseline,1,150000,-23.344
baseline_sac_fetch-15684122_8.out,slide,baseline,1,175000,-20.902
baseline_sac_fetch-15684122_8.out,slide,baseline,1,200000,-17.506
baseline_sac_fetch-15684122_8.out,slide,baseline,1,225000,-18.261
baseline_sac_fetch-15684122_8.out,slide,baseline,1,250000,-19.869
baseline_sac_fetch-15684122_8.out,slide,baseline,1,275000,-21.911
baseline_sac_fetch-15684122_8.out,slide,baseline,1,300000,-17.63
baseline_sac_fetch-15684122_8.out,slide,baseline,1,325000,-15.052
baseline_sac_fetch-15684122_8.out,slide,baseline,1,350000,-16.921
baseline_sac_fetch-15684122_8.out,slide,baseline,1,375000,-13.651
baseline_sac_fetch-15684122_8.out,slide,baseline,1,400000,-12.862
baseline_sac_fetch-15684122_8.out,slide,baseline,1,425000,-11.855
baseline_sac_fetch-15684122_8.out,slide,baseline,1,450000,-12.533
baseline_sac_fetch-15684122_8.out,slide,baseline,1,475000,-10.633
baseline_sac_fetch-15684122_8.out,slide,baseline,1,500000,-11.967
baseline_sac_fetch-15684122_8.out,slide,baseline,1,525000,-10.96
baseline_sac_fetch-15684122_8.out,slide,baseline,1,550000,-10.398
baseline_sac_fetch-15684122_8.out,slide,baseline,1,575000,-11.893
baseline_sac_fetch-15684122_8.out,slide,baseline,1,599999,-11.653
baseline_sac_fetch-15684122_9.out,slide,baseline,2,25000,-24.82
baseline_sac_fetch-15684122_9.out,slide,baseline,2,50000,-24.372
baseline_sac_fetch-15684122_9.out,slide,baseline,2,75000,-24.884
baseline_sac_fetch-15684122_9.out,slide,baseline,2,100000,-21.856
baseline_sac_fetch-15684122_9.out,slide,baseline,2,125000,-22.901
baseline_sac_fetch-15684122_9.out,slide,baseline,2,150000,-23.18
baseline_sac_fetch-15684122_9.out,slide,baseline,2,175000,-21.932
baseline_sac_fetch-15684122_9.out,slide,baseline,2,200000,-23.861
baseline_sac_fetch-15684122_9.out,slide,baseline,2,225000,-22.941
baseline_sac_fetch-15684122_9.out,slide,baseline,2,250000,-21.519
baseline_sac_fetch-15684122_9.out,slide,baseline,2,275000,-21.179
baseline_sac_fetch-15684122_9.out,slide,baseline,2,300000,-21.955
baseline_sac_fetch-15684122_9.out,slide,baseline,2,325000,-21.406
baseline_sac_fetch-15684122_9.out,slide,baseline,2,350000,-22.961
baseline_sac_fetch-15684122_9.out,slide,baseline,2,375000,-20.602
baseline_sac_fetch-15684122_9.out,slide,baseline,2,400000,-24.288
baseline_sac_fetch-15684122_9.out,slide,baseline,2,425000,-19.972
baseline_sac_fetch-15684122_9.out,slide,baseline,2,450000,-18.667
baseline_sac_fetch-15684122_9.out,slide,baseline,2,475000,-18.895
baseline_sac_fetch-15684122_9.out,slide,baseline,2,500000,-16.042
baseline_sac_fetch-15684122_9.out,slide,baseline,2,525000,-11.464
baseline_sac_fetch-15684122_9.out,slide,baseline,2,550000,-13.052
baseline_sac_fetch-15684122_9.out,slide,baseline,2,575000,-12.053
baseline_sac_fetch-15684122_9.out,slide,baseline,2,599999,-11.182
pick_final_15684119_0.out,pick,equivariant,-1,24999,-11.671
pick_final_15684119_0.out,pick,equivariant,-1,49999,-10.663
pick_final_15684119_0.out,pick,equivariant,-1,74999,-11.553
pick_final_15684119_0.out,pick,equivariant,-1,99999,-11.355
pick_final_15684119_0.out,pick,equivariant,-1,124999,-11.843
pick_final_15684119_0.out,pick,equivariant,-1,149999,-12.743
pick_final_15684119_0.out,pick,equivariant,-1,174999,-12.173
pick_final_15684119_0.out,pick,equivariant,-1,199999,-11.622
pick_final_15684119_0.out,pick,equivariant,-1,224999,-12.162
pick_final_15684119_0.out,pick,equivariant,-1,249999,-12.574
pick_final_15684119_0.out,pick,equivariant,-1,274999,-11.735
pick_final_15684119_0.out,pick,equivariant,-1,299999,-11.397
pick_final_15684119_0.out,pick,equivariant,-1,324999,-11.306
pick_final_15684119_0.out,pick,equivariant,-1,349999,-11.008
pick_final_15684119_0.out,pick,equivariant,-1,374999,-10.103
pick_final_15684119_0.out,pick,equivariant,-1,399999,-11.875
pick_final_15684119_0.out,pick,equivariant,-1,424999,-11.681
pick_final_15684119_0.out,pick,equivariant,-1,449999,-12.151
pick_final_15684119_0.out,pick,equivariant,-1,474999,-10.607
pick_final_15684119_0.out,pick,equivariant,-1,499999,-11.301
pick_final_15684119_0.out,pick,equivariant,-1,524999,-12.626
pick_final_15684119_0.out,pick,equivariant,-1,549999,-12.395
pick_final_15684119_0.out,pick,equivariant,-1,574999,-10.839
pick_final_15684119_0.out,pick,equivariant,-1,599999,-10.702
pick_final_15684119_1.out,pick,equivariant,-1,24999,-11.478
pick_final_15684119_1.out,pick,equivariant,-1,49999,-11.173
pick_final_15684119_1.out,pick,equivariant,-1,74999,-10.578
pick_final_15684119_1.out,pick,equivariant,-1,99999,-12.368
pick_final_15684119_1.out,pick,equivariant,-1,124999,-11.841
pick_final_15684119_1.out,pick,equivariant,-1,149999,-12.229
pick_final_15684119_1.out,pick,equivariant,-1,174999,-12.294
pick_final_15684119_1.out,pick,equivariant,-1,199999,-11.848
pick_final_15684119_1.out,pick,equivariant,-1,224999,-12.156
pick_final_15684119_1.out,pick,equivariant,-1,249999,-12.733
pick_final_15684119_1.out,pick,equivariant,-1,274999,-11.219
pick_final_15684119_1.out,pick,equivariant,-1,299999,-10.237
pick_final_15684119_1.out,pick,equivariant,-1,324999,-11.99
pick_final_15684119_1.out,pick,equivariant,-1,349999,-10.938
pick_final_15684119_1.out,pick,equivariant,-1,374999,-11.648
pick_final_15684119_1.out,pick,equivariant,-1,399999,-11.97
pick_final_15684119_1.out,pick,equivariant,-1,424999,-13.287
pick_final_15684119_1.out,pick,equivariant,-1,449999,-11.091
pick_final_15684119_1.out,pick,equivariant,-1,474999,-11.402
pick_final_15684119_1.out,pick,equivariant,-1,499999,-11.122
pick_final_15684119_1.out,pick,equivariant,-1,524999,-10.197
pick_final_15684119_1.out,pick,equivariant,-1,549999,-12.341
pick_final_15684119_1.out,pick,equivariant,-1,574999,-10.946
pick_final_15684119_1.out,pick,equivariant,-1,599999,-10.214
pick_final_15684119_2.out,pick,equivariant,-1,24999,-12.642
pick_final_15684119_2.out,pick,equivariant,-1,49999,-11.261
pick_final_15684119_2.out,pick,equivariant,-1,74999,-11.82
pick_final_15684119_2.out,pick,equivariant,-1,99999,-10.92
pick_final_15684119_2.out,pick,equivariant,-1,124999,-11.832
pick_final_15684119_2.out,pick,equivariant,-1,149999,-12.591
pick_final_15684119_2.out,pick,equivariant,-1,174999,-12.386
pick_final_15684119_2.out,pick,equivariant,-1,199999,-12.036
pick_final_15684119_2.out,pick,equivariant,-1,224999,-9.57
pick_final_15684119_2.out,pick,equivariant,-1,249999,-11.835
pick_final_15684119_2.out,pick,equivariant,-1,274999,-13.848
pick_final_15684119_2.out,pick,equivariant,-1,299999,-12.274
pick_final_15684119_2.out,pick,equivariant,-1,324999,-11.45
pick_final_15684119_2.out,pick,equivariant,-1,349999,-12.026
pick_final_15684119_2.out,pick,equivariant,-1,374999,-12.34
pick_final_15684119_2.out,pick,equivariant,-1,399999,-12.113
pick_final_15684119_2.out,pick,equivariant,-1,424999,-11.364
pick_final_15684119_2.out,pick,equivariant,-1,449999,-11.768
pick_final_15684119_2.out,pick,equivariant,-1,474999,-10.317
pick_final_15684119_2.out,pick,equivariant,-1,499999,-11.003
pick_final_15684119_2.out,pick,equivariant,-1,524999,-12.707
pick_final_15684119_2.out,pick,equivariant,-1,549999,-11.972
pick_final_15684119_2.out,pick,equivariant,-1,574999,-11.265
pick_final_15684119_2.out,pick,equivariant,-1,599999,-12.268
pick_final_15684119_3.out,pick,equivariant,-1,24999,-11.443
pick_final_15684119_3.out,pick,equivariant,-1,49999,-10.881
pick_final_15684119_3.out,pick,equivariant,-1,74999,-12.234
pick_final_15684119_3.out,pick,equivariant,-1,99999,-13.121
pick_final_15684119_3.out,pick,equivariant,-1,124999,-12.904
pick_final_15684119_3.out,pick,equivariant,-1,149999,-12.688
pick_final_15684119_3.out,pick,equivariant,-1,174999,-11.871
pick_final_15684119_3.out,pick,equivariant,-1,199999,-13.118
pick_final_15684119_3.out,pick,equivariant,-1,224999,-11.973
pick_final_15684119_3.out,pick,equivariant,-1,249999,-11.082
pick_final_15684119_3.out,pick,equivariant,-1,274999,-11.487
pick_final_15684119_3.out,pick,equivariant,-1,299999,-10.597
pick_final_15684119_3.out,pick,equivariant,-1,324999,-12.155
pick_final_15684119_3.out,pick,equivariant,-1,349999,-11.476
pick_final_15684119_3.out,pick,equivariant,-1,374999,-11.486
pick_final_15684119_3.out,pick,equivariant,-1,399999,-11.434
pick_final_15684119_3.out,pick,equivariant,-1,424999,-12.687
pick_final_15684119_3.out,pick,equivariant,-1,449999,-12.158
pick_final_15684119_3.out,pick,equivariant,-1,474999,-11.125
pick_final_15684119_3.out,pick,equivariant,-1,499999,-12.414
pick_final_15684119_3.out,pick,equivariant,-1,524999,-11.452
pick_final_15684119_3.out,pick,equivariant,-1,549999,-12.795
pick_final_15684119_3.out,pick,equivariant,-1,574999,-12.829
pick_final_15684119_3.out,pick,equivariant,-1,599999,-12.434
push_final-15684117_1.out,push,equivariant,-1,24999,-7.576
push_final-15684117_1.out,push,equivariant,-1,49999,-7.504
push_final-15684117_1.out,push,equivariant,-1,74999,-9.018
push_final-15684117_1.out,push,equivariant,-1,99999,-9.086
push_final-15684117_1.out,push,equivariant,-1,124999,-7.845
push_final-15684117_1.out,push,equivariant,-1,149999,-8.875
push_final-15684117_1.out,push,equivariant,-1,174999,-8.664
push_final-15684117_1.out,push,equivariant,-1,199999,-9.458
push_final-15684117_1.out,push,equivariant,-1,224999,-8.284
push_final-15684117_1.out,push,equivariant,-1,249999,-7.482
push_final-15684117_1.out,push,equivariant,-1,274999,-8.426
push_final-15684117_1.out,push,equivariant,-1,299999,-8.709
push_final-15684117_1.out,push,equivariant,-1,324999,-8.692
push_final-15684117_1.out,push,equivariant,-1,349999,-8.426
push_final-15684117_1.out,push,equivariant,-1,374999,-10.858
push_final-15684117_1.out,push,equivariant,-1,399999,-8.472
push_final-15684117_1.out,push,equivariant,-1,424999,-7.993
push_final-15684117_1.out,push,equivariant,-1,449999,-7.491
push_final-15684117_1.out,push,equivariant,-1,474999,-8.055
push_final-15684117_1.out,push,equivariant,-1,499999,-8.373
push_final-15684117_2.out,push,equivariant,-1,24999,-8.683
push_final-15684117_2.out,push,equivariant,-1,49999,-8.872
push_final-15684117_2.out,push,equivariant,-1,74999,-8.138
push_final-15684117_2.out,push,equivariant,-1,99999,-9.35
push_final-15684117_2.out,push,equivariant,-1,124999,-8.309
push_final-15684117_2.out,push,equivariant,-1,149999,-8.33
push_final-15684117_2.out,push,equivariant,-1,174999,-8.613
push_final-15684117_2.out,push,equivariant,-1,199999,-9.884
push_final-15684117_2.out,push,equivariant,-1,224999,-8.544
push_final-15684117_2.out,push,equivariant,-1,249999,-9.363
push_final-15684117_2.out,push,equivariant,-1,274999,-8.431
push_final-15684117_2.out,push,equivariant,-1,299999,-9.376
push_final-15684117_2.out,push,equivariant,-1,324999,-9.398
push_final-15684117_2.out,push,equivariant,-1,349999,-7.852
push_final-15684117_2.out,push,equivariant,-1,374999,-8.512
push_final-15684117_2.out,push,equivariant,-1,399999,-8.734
push_final-15684117_2.out,push,equivariant,-1,424999,-9.113
push_final-15684117_2.out,push,equivariant,-1,449999,-8.542
push_final-15684117_2.out,push,equivariant,-1,474999,-8.101
push_final-15684117_2.out,push,equivariant,-1,499999,-8.505
push_final-15684117_3.out,push,equivariant,-1,24999,-7.516
push_final-15684117_3.out,push,equivariant,-1,49999,-8.861
push_final-15684117_3.out,push,equivariant,-1,74999,-9.809
push_final-15684117_3.out,push,equivariant,-1,99999,-7.858
push_final-15684117_3.out,push,equivariant,-1,124999,-9.767
push_final-15684117_3.out,push,equivariant,-1,149999,-8.913
push_final-15684117_3.out,push,equivariant,-1,174999,-7.232
push_final-15684117_3.out,push,equivariant,-1,199999,-8.364
push_final-15684117_3.out,push,equivariant,-1,224999,-8.257
push_final-15684117_3.out,push,equivariant,-1,249999,-6.685
push_final-15684117_3.out,push,equivariant,-1,274999,-8.343
push_final-15684117_3.out,push,equivariant,-1,299999,-9.243
push_final-15684117_3.out,push,equivariant,-1,324999,-8.869
push_final-15684117_3.out,push,equivariant,-1,349999,-8.478
push_final-15684117_3.out,push,equivariant,-1,374999,-8.938
push_final-15684117_3.out,push,equivariant,-1,399999,-7.603
push_final-15684117_3.out,push,equivariant,-1,424999,-10.071
push_final-15684117_3.out,push,equivariant,-1,449999,-9.773
push_final-15684117_3.out,push,equivariant,-1,474999,-8.744
push_final-15684117_3.out,push,equivariant,-1,499999,-8.656
slide_final_15684119_4.out,slide,equivariant,-1,24999,-21.363
slide_final_15684119_4.out,slide,equivariant,-1,49999,-22.307
slide_final_15684119_4.out,slide,equivariant,-1,74999,-22.865
slide_final_15684119_4.out,slide,equivariant,-1,99999,-21.424
slide_final_15684119_4.out,slide,equivariant,-1,124999,-21.939
slide_final_15684119_4.out,slide,equivariant,-1,149999,-21.014
slide_final_15684119_4.out,slide,equivariant,-1,174999,-21.865
slide_final_15684119_4.out,slide,equivariant,-1,199999,-24.943
slide_final_15684119_4.out,slide,equivariant,-1,224999,-21.17
slide_final_15684119_4.out,slide,equivariant,-1,249999,-22.696
slide_final_15684119_4.out,slide,equivariant,-1,274999,-23.573
slide_final_15684119_4.out,slide,equivariant,-1,299999,-21.122
slide_final_15684119_4.out,slide,equivariant,-1,324999,-24.947
slide_final_15684119_4.out,slide,equivariant,-1,349999,-21.414
slide_final_15684119_4.out,slide,equivariant,-1,374999,-22.67
slide_final_15684119_4.out,slide,equivariant,-1,399999,-24.179
slide_final_15684119_4.out,slide,equivariant,-1,424999,-23.716
slide_final_15684119_4.out,slide,equivariant,-1,449999,-21.628
slide_final_15684119_4.out,slide,equivariant,-1,474999,-23.466
slide_final_15684119_4.out,slide,equivariant,-1,499999,-21.598
slide_final_15684119_4.out,slide,equivariant,-1,524999,-22.346
slide_final_15684119_4.out,slide,equivariant,-1,549999,-21.099
slide_final_15684119_4.out,slide,equivariant,-1,574999,-23.035
slide_final_15684119_4.out,slide,equivariant,-1,599999,-19.246
slide_final_15684119_5.out,slide,equivariant,-1,24999,-21.62
slide_final_15684119_5.out,slide,equivariant,-1,49999,-21.658
slide_final_15684119_5.out,slide,equivariant,-1,74999,-21.613
slide_final_15684119_5.out,slide,equivariant,-1,99999,-19.583
slide_final_15684119_5.out,slide,equivariant,-1,124999,-20.851
slide_final_15684119_5.out,slide,equivariant,-1,149999,-20.641
slide_final_15684119_5.out,slide,equivariant,-1,174999,-18.646
slide_final_15684119_5.out,slide,equivariant,-1,199999,-20.28
slide_final_15684119_5.out,slide,equivariant,-1,224999,-23.063
slide_final_15684119_5.out,slide,equivariant,-1,249999,-22.414
slide_final_15684119_5.out,slide,equivariant,-1,274999,-21.105
slide_final_15684119_5.out,slide,equivariant,-1,299999,-22.338
slide_final_15684119_5.out,slide,equivariant,-1,324999,-20.53
slide_final_15684119_5.out,slide,equivariant,-1,349999,-20.034
slide_final_15684119_5.out,slide,equivariant,-1,374999,-20.859
slide_final_15684119_5.out,slide,equivariant,-1,399999,-23.753
slide_final_15684119_5.out,slide,equivariant,-1,424999,-21.204
slide_final_15684119_5.out,slide,equivariant,-1,449999,-23.232
slide_final_15684119_5.out,slide,equivariant,-1,474999,-20.372
slide_final_15684119_5.out,slide,equivariant,-1,499999,-19.923
slide_final_15684119_5.out,slide,equivariant,-1,524999,-22.444
slide_final_15684119_5.out,slide,equivariant,-1,549999,-21.929
slide_final_15684119_5.out,slide,equivariant,-1,574999,-21.662
slide_final_15684119_5.out,slide,equivariant,-1,599999,-21.816
slide_final_15684119_6.out,slide,equivariant,-1,24999,-23.212
slide_final_15684119_6.out,slide,equivariant,-1,49999,-21.525
slide_final_15684119_6.out,slide,equivariant,-1,74999,-20.318
slide_final_15684119_6.out,slide,equivariant,-1,99999,-21.389
slide_final_15684119_6.out,slide,equivariant,-1,124999,-22.127
slide_final_15684119_6.out,slide,equivariant,-1,149999,-22.182
slide_final_15684119_6.out,slide,equivariant,-1,174999,-21.955
slide_final_15684119_6.out,slide,equivariant,-1,199999,-24.449
slide_final_15684119_6.out,slide,equivariant,-1,224999,-21.436
slide_final_15684119_6.out,slide,equivariant,-1,249999,-22.523
slide_final_15684119_6.out,slide,equivariant,-1,274999,-23.17
slide_final_15684119_6.out,slide,equivariant,-1,299999,-21.512
slide_final_15684119_6.out,slide,equivariant,-1,324999,-21.201
slide_final_15684119_6.out,slide,equivariant,-1,349999,-23.702
slide_final_15684119_6.out,slide,equivariant,-1,374999,-20.228
slide_final_15684119_6.out,slide,equivariant,-1,399999,-21.346
slide_final_15684119_6.out,slide,equivariant,-1,424999,-22.246
slide_final_15684119_6.out,slide,equivariant,-1,449999,-19.58
slide_final_15684119_6.out,slide,equivariant,-1,474999,-22.86
slide_final_15684119_6.out,slide,equivariant,-1,499999,-22.282
slide_final_15684119_6.out,slide,equivariant,-1,524999,-23.054
slide_final_15684119_6.out,slide,equivariant,-1,549999,-24.589
slide_final_15684119_6.out,slide,equivariant,-1,574999,-20.002
slide_final_15684119_6.out,slide,equivariant,-1,599999,-21.353
slide_final_15684119_7.out,slide,equivariant,-1,24999,-22.333
slide_final_15684119_7.out,slide,equivariant,-1,49999,-23.765
slide_final_15684119_7.out,slide,equivariant,-1,74999,-20.361
slide_final_15684119_7.out,slide,equivariant,-1,99999,-23.466
slide_final_15684119_7.out,slide,equivariant,-1,124999,-21.756
slide_final_15684119_7.out,slide,equivariant,-1,149999,-20.966
slide_final_15684119_7.out,slide,equivariant,-1,174999,-20.722
slide_final_15684119_7.out,slide,equivariant,-1,199999,-22.243
slide_final_15684119_7.out,slide,equivariant,-1,224999,-22.106
slide_final_15684119_7.out,slide,equivariant,-1,249999,-22.768
slide_final_15684119_7.out,slide,equivariant,-1,274999,-21.377
slide_final_15684119_7.out,slide,equivariant,-1,299999,-21.994
slide_final_15684119_7.out,slide,equivariant,-1,324999,-21.964
slide_final_15684119_7.out,slide,equivariant,-1,349999,-21.766
slide_final_15684119_7.out,slide,equivariant,-1,374999,-20.83
slide_final_15684119_7.out,slide,equivariant,-1,399999,-23.311
slide_final_15684119_7.out,slide,equivariant,-1,424999,-21.754
slide_final_15684119_7.out,slide,equivariant,-1,449999,-22.741
slide_final_15684119_7.out,slide,equivariant,-1,474999,-20.896
slide_final_15684119_7.out,slide,equivariant,-1,499999,-20.907
slide_final_15684119_7.out,slide,equivariant,-1,524999,-20.966
slide_final_15684119_7.out,slide,equivariant,-1,549999,-21.453
slide_final_15684119_7.out,slide,equivariant,-1,574999,-22.986
slide_final_15684119_7.out,slide,equivariant,-1,599999,-20.58
